name,milnovecientos,dosmilveinte,percentage,province,densidad
Abiego,1383,258,81.34,Huesca,38.19
Abizanda,463,139,69.97,Huesca,44.84
Adahuesca,725,180,75.17,Huesca,52.47
Agüero,1182,125,89.42,Huesca,94.16
Aisa,733,2242,-205.86,Huesca,44.23
Albalate de Cinca,1519,313,79.39,Huesca,9.15
Albalatillo,464,1099,-136.85,Huesca,51.92
Albelda,1213,163,86.56,Huesca,19.28
Albero Alto,360,708,-96.66,Huesca,22.22
Albero Bajo,205,120,41.46,Huesca,20.79
Alberuela de Tubo,238,132,44.53,Huesca,71.42
Alcalá de Gurrea,638,290,54.54,Huesca,47.85
Alcalá del Obispo,1328,239,82.00,Huesca,58
Alcampell,1983,298,84.97,Huesca,83.24
Alcolea de Cinca,2409,623,74.13,Huesca,115.31
Alcubierre,1530,1177,23.07,Huesca,8.94
Alerre,227,362,-59.47,Huesca,8.76
Alfántega,309,200,35.27,Huesca,201.49
Almudévar,2983,130,95.64,Huesca,35.66
Almunia de San Juan,954,2377,-149.16,Huesca,37.56
Almuniente,512,666,-30.07,Huesca,32.36
Alquézar,1313,457,65.19,Huesca,32.41
Altorricón,532,312,41.35,Huesca,56.51
Angüés,1912,1420,25.73,Huesca,223.08
Ansó,1549,353,77.21,Huesca,22.41
Antillón,393,386,1.78,Huesca,64.44
Aragüés del Puerto,546,135,75.27,Huesca,9
Argavieso,322,111,65.52,Huesca,62.75
Arguis,570,308,45.96,Huesca,119.32
Arén,2119,95,95.51,Huesca,63.89
Ayerbe,2609,125,95.20,Huesca,51.17
Azanuy-Alins,1221,1017,16.70,Huesca,14.49
Azara,513,170,66.86,Huesca,15.89
Azlor,537,157,70.76,Huesca,284.77
Aínsa-Sobrarbe,3680,138,96.25,Huesca,80.97
Bailo,1488,97,93.48,Huesca,164.43
Baldellou,813,261,67.89,Huesca,30.42
Ballobar,2333,64,97.25,Huesca,127.73
Banastás,113,833,-637.16,Huesca,4.66
Barbastro,7301,310,95.75,Huesca,107
Barbués,218,17174,-7777.98,Huesca,19.59
Barbuñales,425,86,79.76,Huesca,18.75
Baélls,737,96,86.97,Huesca,39.82
Belver de Cinca,1666,102,93.87,Huesca,82.63
Benabarre,2887,1301,54.93,Huesca,157.14
Benasque,1598,1142,28.53,Huesca,233
Beranuy,651,2184,-235.48,Huesca,63.75
Berbegal,1109,75,93.23,Huesca,49.03
Bielsa,971,327,66.32,Huesca,202.41
Bierge,1581,448,71.66,Huesca,145.03
Biescas,3509,252,92.81,Huesca,189.09
Binaced,1774,1474,16.91,Huesca,78.49
Binéfar,1556,1605,-3.14,Huesca,25
Bisaurri,813,9742,-1098.27,Huesca,63.19
Biscarrués,810,171,78.88,Huesca,30.18
Blecua y Torres,769,182,76.33,Huesca,36
Boltaña,1926,173,91.01,Huesca,139.45
Bonansa,421,1045,-148.21,Huesca,37.29
Borau,460,87,81.08,Huesca,41.72
Broto,1758,70,96.01,Huesca,128
Bárcabo,829,538,35.10,Huesca,87.92
Caldearenas,1483,226,84.76,Huesca,192.31
Campo,806,436,45.90,Huesca,22.86
Camporrélls,997,127,87.26,Huesca,26.71
Canal de Berdún,2022,323,84.02,Huesca,133.27
Candasnos,1063,419,60.58,Huesca,122.45
Canfranc,770,558,27.53,Huesca,71.56
Capdesaso,490,211,56.93,Huesca,17
Capella,1008,360,64.28,Huesca,60.71
Casbas de Huesca,2195,275,87.47,Huesca,132.69
Castejón de Monegros,1594,510,68.00,Huesca,17.56
Castejón de Sos,813,764,6.02,Huesca,17.56
Castejón del Puente,621,312,49.75,Huesca,25.43
Castelflorite,247,103,58.29,Huesca,34.76
Castiello de Jaca,523,221,57.74,Huesca,17.31
Castigaleu,266,79,70.30,Huesca,26.53
Castillazuelo,757,153,79.78,Huesca,15.32
Castillonroy,863,318,63.15,Huesca,37.58
Chalamera,427,113,73.53,Huesca,11
Chimillas,189,83,56.08,Huesca,10.04
Chía,602,402,33.22,Huesca,26
Colungo,702,117,83.33,Huesca,40.64
El Grado,1605,632,60.62,Huesca,63.77
El Pueyo de Araguás,492,199,59.55,Huesca,61.84
Esplús,549,796,-44.99,Huesca,73
Estada,524,121,76.90,Huesca,15.87
Estadilla,1752,20,98.85,Huesca,50.39
Estopiñán del Castillo,1486,100,93.27,Huesca,88.71
Fago,419,331,21.00,Huesca,28.76
Fanlo,1065,851,20.09,Huesca,187
Fiscal,2505,162,93.53,Huesca,170.06
Fonz,2006,15353,-665.35,Huesca,51.86
Foradada del Toscar,665,600,9.77,Huesca,106.25
Fraga,6934,147,97.88,Huesca,437.64
Gistaín,444,395,11.03,Huesca,75
Graus,6259,1738,72.23,Huesca,299.79
Grañén,1431,3365,-135.15,Huesca,123.98
Gurrea de Gállego,1401,1476,-5.35,Huesca,191.97
Hoz de Jaca,160,73,54.37,Huesca,12.45
Hoz y Costean,1390,221,84.10,Huesca,57.48
Huerto,970,213,78.04,Huesca,86.72
Huesca,13683,53956,-294.32,Huesca,161.04
Ibieca,417,100,76.01,Huesca,14.94
Igriés,446,695,-55.82,Huesca,19.17
Ilche,720,197,72.63,Huesca,63.72
Isábena,1246,231,81.46,Huesca,118.53
Jaca,8964,13129,-46.46,Huesca,406.34
Jasa,467,96,79.44,Huesca,8
La Fueva,2691,155,94.24,Huesca,218.85
La Puebla de Castro,887,191,78.46,Huesca,17.03
La Sotonera,3972,892,77.54,Huesca,165.54
Labuerda,425,1163,-173.64,Huesca,17.85
Laluenga,794,92,88.41,Huesca,36.47
Lalueza,867,130,85.00,Huesca,88.19
Lanaja,1839,139,92.44,Huesca,183
Laperdiguera,369,205,44.44,Huesca,11.32
Las Peñas de Riglos,2226,297,86.65,Huesca,217.87
Lascellas-Ponzano,996,323,67.57,Huesca,27.33
Lascuarre,581,514,11.53,Huesca,31.87
Laspaúles,1065,93,91.26,Huesca,81.75
Laspuña,501,335,33.13,Huesca,45.29
Loarre,1771,72,95.93,Huesca,74.42
Loporzano,3139,405,87.09,Huesca,169.28
Loscorrales,371,210,43.39,Huesca,40.25
Lupiñén-Ortilla,1138,17469,-1435.06,Huesca,110.07
Monesma y Cajigar,513,265,48.34,Huesca,62
Monflorite-Lascasas,452,152,66.37,Huesca,29.16
Montanuy,1395,546,60.86,Huesca,174
Monzón,5037,56,98.88,Huesca,155.02
Naval,1550,508,67.22,Huesca,47.32
Novales,400,678,-69.50,Huesca,20.08
Nueno,1249,26,97.91,Huesca,147.24
Olvena,384,800,-108.33,Huesca,15.89
Ontiñena,1862,644,65.41,Huesca,136.96
Osso de Cinca,728,247,66.07,Huesca,27.66
Palo,288,563,-95.48,Huesca,14.41
Panticosa,889,210,76.37,Huesca,95
Peralta de Alcofea,2207,209,90.53,Huesca,116.14
Peralta de Calasanz,2404,106,95.59,Huesca,114.88
Peraltilla,439,120,72.66,Huesca,16
Perarrúa,689,100,85.48,Huesca,30.05
Pertusa,705,273,61.27,Huesca,29.37
Peñalba,1158,210,81.86,Huesca,156
Piracés,242,214,11.57,Huesca,25.15
Plan,1124,377,66.45,Huesca,92.53
Poleñino,512,93,81.83,Huesca,33.02
Pozán de Vero,885,245,72.31,Huesca,14.75
Puente de Montañana,822,213,74.08,Huesca,48.56
Puente la Reina de Jaca,848,161,81.01,Huesca,48.13
Pueyo de Santa Cruz,420,331,21.19,Huesca,9.29
Puértolas,1049,282,73.11,Huesca,99.86
Quicena,259,514,-98.45,Huesca,9.67
Robres,1064,9185,-763.25,Huesca,64
Sabiñánigo,4884,303,93.79,Huesca,586.82
Sahún,871,306,64.86,Huesca,73.36
Salas Altas,998,185,81.46,Huesca,20.74
Salas Bajas,601,91,84.85,Huesca,12.93
Salillas,367,1477,-302.45,Huesca,28.33
Sallent de Gállego,1420,547,61.47,Huesca,162.14
San Esteban de Litera,1532,150,90.20,Huesca,71
San Juan de Plan,361,780,-116.06,Huesca,55.53
San Miguel del Cinca,1922,221,88.50,Huesca,106.49
Sangarrén,509,243,52.25,Huesca,32.22
Santa Cilia,567,188,66.84,Huesca,28.08
Santa Cruz de la Serós,422,205,51.42,Huesca,19.51
Santa María de Dulcis,644,80,87.57,Huesca,27
Santaliestra y San Quílez,366,4184,-1043.16,Huesca,23.34
Sariñena,4029,140,96.52,Huesca,275.57
Secastilla,850,145,82.94,Huesca,47.42
Seira,311,501,-61.09,Huesca,69
Sena,1071,40,96.26,Huesca,104.69
Senés de Alcubierre,143,154,-7.69,Huesca,20.53
Sesa,881,122,86.15,Huesca,30.84
Sesué,360,689,-91.38,Huesca,5.35
Siétamo,1584,91,94.25,Huesca,48.98
Sopeira,889,859,3.37,Huesca,44.09
Tamarite de Litera,3517,3487,.85,Huesca,110.58
Tardienta,1531,948,38.07,Huesca,90.65
Tella-Sin,717,225,68.61,Huesca,90.33
Tierz,310,781,-151.93,Huesca,6.54
Tolva,962,122,87.31,Huesca,58.97
Torla-Ordesa,988,298,69.83,Huesca,185.21
Torralba de Aragón,443,113,74.49,Huesca,40.39
Torre la Ribera,362,96,73.48,Huesca,32.06
Torrente de Cinca,1382,1327,3.97,Huesca,56.77
Torres de Alcanadre,499,82,83.56,Huesca,28.31
Torres de Barbués,202,251,-24.25,Huesca,13.94
Tramaced,111,98,11.71,Huesca,15.42
Valfarta,309,63,79.61,Huesca,33
Valle de Bardají,221,40,81.90,Huesca,45.48
Valle de Hecho,2935,817,72.16,Huesca,234.43
Valle de Lierp,212,51,75.94,Huesca,32.76
Velilla de Cinca,1089,460,57.75,Huesca,16.54
Viacamp y Litera,820,37,95.48,Huesca,107.74
Vicién,374,110,70.58,Huesca,13.76
Villanova,279,174,37.63,Huesca,7.05
Villanueva de Sigena,900,451,49.88,Huesca,75.99
Villanúa,959,384,59.95,Huesca,58.19
Yebra de Basa,867,142,83.62,Huesca,90.88
Yésero,288,57,80.20,Huesca,30.23
Zaidín,1907,1798,5.71,Huesca,92.55
Ababuj,459,77,83.22,Teruel,54
Abejuela,698,50,92.83,Teruel,86.67
Aguatón,181,19,89.50,Teruel,21.64
Aguaviva,1781,516,71.02,Teruel,42.15
Aguilar del Alfambra,524,69,86.83,Teruel,39.04
Alacón,931,238,74.43,Teruel,47
Alba,634,165,73.97,Teruel,69.53
Albalate del Arzobispo,4291,1972,54.04,Teruel,205.69
Albarracín,1932,1006,47.92,Teruel,452.72
Albentosa,1003,289,71.18,Teruel,68
Alcaine,1103,53,95.19,Teruel,57.38
Alcalá de la Selva,1648,331,79.91,Teruel,104.95
Alcañiz,7699,16006,-107.89,Teruel,472.12
Alcorisa,3119,3298,-5.73,Teruel,121
Alfambra,1355,482,64.42,Teruel,122.44
Aliaga,1754,326,81.41,Teruel,193.08
Allepuz,1040,124,88.07,Teruel,67.26
Alloza,1773,572,67.73,Teruel,81
Allueva,216,24,88.88,Teruel,18.65
Almohaja,243,14,94.23,Teruel,25.55
Alobras,546,64,88.27,Teruel,30.72
Alpeñés,224,21,90.62,Teruel,28.62
Anadón,355,32,90.98,Teruel,24.62
Andorra,2704,7345,-171.63,Teruel,141.36
Arcos de las Salinas,1353,118,91.27,Teruel,112.99
Arens de Lledó,759,205,72.99,Teruel,34.27
Argente,716,193,73.04,Teruel,62.58
Ariño,1366,714,47.73,Teruel,81.93
Azaila,742,93,87.46,Teruel,81.44
Barrachina,697,109,84.36,Teruel,24.86
Bañón,693,146,78.93,Teruel,54.27
Bea,170,29,82.94,Teruel,23.37
Beceite,2252,531,76.42,Teruel,96.72
Bello,989,219,77.85,Teruel,52.49
Belmonte de San José,817,123,84.94,Teruel,43.68
Berge,816,241,70.46,Teruel,42.64
Bezas,357,67,81.23,Teruel,26.32
Blancas,859,125,85.44,Teruel,73
Blesa,1325,92,93.05,Teruel,80.39
Bordón,586,105,82.08,Teruel,29.98
Bronchales,950,417,56.10,Teruel,59
Bueña,352,49,86.07,Teruel,40.75
Burbáguena,1350,211,84.37,Teruel,39.02
Bádenas,454,19,95.81,Teruel,31.31
Báguena,1420,285,79.92,Teruel,25.17
Cabra de Mora,563,51,90.94,Teruel,34.31
Calaceite,2579,978,62.07,Teruel,81.33
Calamocha,6017,4429,26.39,Teruel,316.63
Calanda,3924,3822,2.59,Teruel,112.25
Calomarde,422,74,82.46,Teruel,28.18
Camarena de la Sierra,882,107,87.86,Teruel,79.54
Camarillas,816,92,88.72,Teruel,50.55
Camañas,450,133,70.44,Teruel,78.67
Caminreal,1349,615,54.41,Teruel,44.39
Cantavieja,1962,729,62.84,Teruel,124.56
Cascante del Río,574,67,88.32,Teruel,32.38
Castejón de Tornos,475,55,88.42,Teruel,17.56
Castel de Cabra,623,93,85.07,Teruel,29.44
Castellote,5122,676,86.80,Teruel,235.18
Castelnou,680,134,80.29,Teruel,37.09
Castelserás,2177,800,63.25,Teruel,31.52
Cañada Vellida,201,36,82.08,Teruel,23
Cañada de Benatanduz,642,33,94.85,Teruel,34.89
Cañizar del Olivar,507,100,80.27,Teruel,22.29
Cedrillas,957,639,33.22,Teruel,73.57
Celadas,876,367,58.10,Teruel,100.45
Cella,2567,2571,-.15,Teruel,124.68
Corbalán,484,109,77.47,Teruel,82.44
Cortes de Aragón,492,60,87.80,Teruel,24.43
Cosa,385,51,86.75,Teruel,54.81
Cretas,1562,554,64.53,Teruel,52.66
Crivillén,937,86,90.82,Teruel,42.03
Cubla,363,55,84.84,Teruel,48.63
Cucalón,525,78,85.14,Teruel,31.93
Cuevas Labradas,401,137,65.83,Teruel,40.81
Cuevas de Almudén,243,118,51.44,Teruel,35.85
Ejulve,1291,177,86.28,Teruel,109.49
El Castellar,489,55,88.75,Teruel,50.33
El Cuervo,576,80,86.11,Teruel,20.76
El Pobo,497,108,78.26,Teruel,63
El Vallecillo,467,44,90.57,Teruel,21.59
Escorihuela,493,136,72.41,Teruel,56.99
Escucha,707,801,-13.29,Teruel,41.57
Estercuel,964,205,78.73,Teruel,55.59
Ferreruela de Huerva,262,64,75.57,Teruel,20.44
Fonfría,205,26,87.31,Teruel,20.58
Formiche Alto,1029,148,85.61,Teruel,78.17
Fortanete,1570,202,87.13,Teruel,168.21
Foz-Calanda,786,258,67.17,Teruel,37.87
Frías de Albarracín,665,104,84.36,Teruel,50.79
Fuenferrada,402,36,91.04,Teruel,24.53
Fuentes Calientes,243,91,62.55,Teruel,25.01
Fuentes Claras,1123,445,60.37,Teruel,36.91
Fuentes de Rubielos,895,124,86.14,Teruel,38.91
Fuentespalda,927,282,69.57,Teruel,39
Fórnoles,742,74,90.02,Teruel,32.56
Galve,468,160,65.81,Teruel,61.23
Gargallo,644,97,84.93,Teruel,30.08
Gea de Albarracín,1168,370,68.32,Teruel,57
Griegos,415,138,66.74,Teruel,31.77
Guadalaviar,492,244,50.40,Teruel,28.08
Gúdar,730,77,89.45,Teruel,60.77
Hinojosa de Jarque,546,112,79.48,Teruel,36.47
Huesa del Común,1284,69,94.62,Teruel,61.69
Híjar,3330,1754,47.32,Teruel,165.36
Jabaloyas,934,59,93.68,Teruel,61.73
Jarque de la Val,277,62,77.61,Teruel,29.23
Jatiel,255,39,84.70,Teruel,10.84
Jorcas,462,29,93.72,Teruel,26
Josa,615,34,94.47,Teruel,28.23
La Cañada de Verich,287,92,67.94,Teruel,10.86
La Cerollera,450,88,80.44,Teruel,33.75
La Codoñera,1342,319,76.22,Teruel,20.97
La Cuba,357,43,87.95,Teruel,6.51
La Fresneda,1799,443,75.37,Teruel,39.48
La Ginebrosa,1116,197,82.34,Teruel,80
La Hoz de la Vieja,924,81,91.23,Teruel,43.73
La Iglesuela del Cid,1485,402,72.92,Teruel,40.29
La Mata de los Olmos,458,261,43.01,Teruel,23.73
La Portellada,860,236,72.55,Teruel,21.37
La Puebla de Híjar,1921,899,53.20,Teruel,17.03
La Puebla de Valverde,1982,451,77.24,Teruel,17.03
La Zoma,181,32,82.32,Teruel,14
Lagueruela,252,69,72.61,Teruel,26.32
Lanzuela,243,22,90.94,Teruel,14.22
Las Parras de Castellote,1107,55,95.03,Teruel,42.13
Libros,607,100,83.52,Teruel,37.91
Lidón,308,54,82.46,Teruel,40
Linares de Mora,1592,225,85.86,Teruel,116.28
Lledó,580,155,73.27,Teruel,15.61
Los Olmos,600,118,80.33,Teruel,43.97
Loscos,1507,125,91.70,Teruel,71.78
Maicas,391,31,92.07,Teruel,24.74
Manzanera,2750,516,81.23,Teruel,168.66
Martín del Río,729,387,46.91,Teruel,54.88
Mas de las Matas,1981,1258,36.49,Teruel,29.99
Mazaleón,1403,511,63.57,Teruel,86.25
Mezquita de Jarque,327,89,72.78,Teruel,31.14
Mirambel,835,116,86.10,Teruel,45.47
Miravete de la Sierra,486,38,92.18,Teruel,36.51
Molinos,1405,222,84.19,Teruel,79.61
Monforte de Moyuela,694,71,89.76,Teruel,47.74
Monreal del Campo,2330,2487,-6.73,Teruel,89.05
Monroyo,1284,332,74.14,Teruel,79.23
Montalbán,2020,1245,38.36,Teruel,82.04
Monteagudo del Castillo,489,49,89.97,Teruel,44.36
Monterde de Albarracín,488,56,88.52,Teruel,45.21
Mora de Rubielos,3213,1512,52.94,Teruel,166.23
Moscardón,494,55,88.86,Teruel,26.93
Mosqueruela,3103,532,82.85,Teruel,265.03
Muniesa,1860,583,68.65,Teruel,129
Noguera de Albarracín,489,139,71.57,Teruel,47.44
Nogueras,359,21,94.15,Teruel,18.85
Nogueruelas,1156,210,81.83,Teruel,99.49
Obón,1257,34,97.29,Teruel,68.38
Odón,974,203,79.15,Teruel,74.24
Ojos Negros,1436,341,76.25,Teruel,90.92
Olba,1802,233,87.06,Teruel,20.99
Oliete,2146,343,84.01,Teruel,85.48
Orihuela del Tremedal,945,450,52.38,Teruel,71.52
Orrios,430,128,70.23,Teruel,35
Palomar de Arroyos,612,170,72.22,Teruel,33.62
Pancrudo,1000,119,88.10,Teruel,100.12
Peracense,385,77,80.00,Teruel,28.66
Peralejos,286,83,70.97,Teruel,36
Perales del Alfambra,817,236,71.11,Teruel,104.24
Peñarroya de Tastavins,1702,446,73.79,Teruel,83.28
Pitarque,938,68,92.75,Teruel,54.35
Plou,529,50,90.54,Teruel,17.21
Pozondón,539,43,92.02,Teruel,67.64
Pozuel del Campo,598,63,89.46,Teruel,27.85
Puertomingalvo,1271,117,90.79,Teruel,103.62
Rillo,502,85,83.06,Teruel,53.31
Riodeva,716,134,81.28,Teruel,34.34
Royuela,459,210,54.24,Teruel,32
Rubiales,290,49,83.10,Teruel,27.42
Rubielos de Mora,2284,635,72.19,Teruel,66
Rubielos de la Cérida,501,39,92.21,Teruel,66
Ráfales,859,139,83.81,Teruel,35.61
Ródenas,415,62,85.06,Teruel,44.26
Salcedillo,155,11,92.90,Teruel,16.89
Saldón,435,24,94.48,Teruel,28.37
Samper de Calanda,2647,721,72.76,Teruel,142
San Agustín,1204,123,89.78,Teruel,56.57
San Martín del Río,1330,132,90.07,Teruel,5.42
Santa Cruz de Nogueras,346,30,91.32,Teruel,19.51
Santa Eulalia,1164,1050,9.79,Teruel,80.97
Sarrión,2233,1148,48.58,Teruel,140.44
Segura de los Baños,795,41,94.84,Teruel,54.15
Seno,453,39,91.39,Teruel,17.85
Singra,399,83,79.19,Teruel,36.72
Terriente,1109,180,83.76,Teruel,47.98
Teruel,12745,36240,-184.34,Teruel,440.41
Toril y Masegoso,366,33,90.98,Teruel,30.67
Tormón,303,25,91.74,Teruel,29.34
Tornos,578,202,65.05,Teruel,48.95
Torralba de los Sisones,608,157,74.17,Teruel,40.39
Torre de Arcas,485,94,80.61,Teruel,34.28
Torre de las Arcas,545,29,94.67,Teruel,37.17
Torre del Compte,748,117,84.35,Teruel,19.46
Torre los Negros,456,83,81.79,Teruel,29.15
Torrecilla de Alcañiz,1105,439,60.27,Teruel,26.76
Torrecilla del Rebollar,891,123,86.19,Teruel,26.76
Torrelacárcel,521,143,72.55,Teruel,35.54
Torremocha de Jiloca,420,107,74.52,Teruel,33.94
Torres de Albarracín,591,185,68.69,Teruel,28.31
Torrevelilla,776,170,78.09,Teruel,33.44
Torrijas,689,43,93.75,Teruel,57.34
Torrijo del Campo,1308,447,65.82,Teruel,44.04
Tramacastiel,668,67,89.97,Teruel,47.29
Tramacastilla,455,104,77.14,Teruel,24.81
Tronchón,997,68,93.17,Teruel,57.11
Urrea de Gaén,1195,427,64.26,Teruel,41.12
Utrillas,712,3006,-322.19,Teruel,39.82
Valacloche,219,20,90.86,Teruel,15.02
Valbona,675,172,74.51,Teruel,40.72
Valdealgorfa,1665,595,64.26,Teruel,46.93
Valdecuenca,320,32,90.00,Teruel,18.64
Valdelinares,825,92,88.84,Teruel,55.09
Valdeltormo,699,281,59.79,Teruel,16
Valderrobres,3058,2435,20.37,Teruel,124.04
Valjunquera,1225,338,72.40,Teruel,41.84
Veguillas de la Sierra,292,21,92.80,Teruel,13.67
Villafranca del Campo,988,285,71.15,Teruel,63.64
Villahermosa del Campo,236,83,64.83,Teruel,19
Villanueva del Rebollar de la Sierra,309,42,86.40,Teruel,75.99
Villar del Cobo,596,160,73.15,Teruel,54.13
Villar del Salz,412,61,85.19,Teruel,38.69
Villarluengo,2128,171,91.96,Teruel,157.89
Villarquemado,872,841,3.55,Teruel,56.43
Villarroya de los Pinares,1095,161,85.29,Teruel,91
Villastar,737,507,31.20,Teruel,39.05
Villel,1182,333,71.82,Teruel,85.38
Vinaceite,544,231,57.53,Teruel,50.07
Visiedo,656,131,80.03,Teruel,55.53
Vivel del Río Martín,946,72,92.38,Teruel,51.16
Abanto,633,92,85.46,Zaragoza,63.84
Acered,745,158,78.79,Zaragoza,30
Aguarón,2275,624,72.57,Zaragoza,18.52
Aguilón,982,233,76.27,Zaragoza,36.62
Agón,499,138,72.34,Zaragoza,59.45
Ainzón,2061,1064,48.37,Zaragoza,40.46
Aladrén,353,52,85.26,Zaragoza,21.06
Alagón,3454,7154,-107.12,Zaragoza,24.22
Alarba,471,116,75.37,Zaragoza,19
Alberite de San Juan,267,74,72.28,Zaragoza,11.23
Albeta,318,134,57.86,Zaragoza,2.65
Alborge,464,107,76.93,Zaragoza,4.84
Alcalá de Ebro,386,245,36.52,Zaragoza,9.87
Alcalá de Moncayo,370,143,61.35,Zaragoza,13.76
Alconchel de Ariza,667,76,88.60,Zaragoza,34.85
Aldehuela de Liestos,257,51,80.15,Zaragoza,38.04
Alfajarín,910,2339,-157.03,Zaragoza,137.57
Alfamén,628,1443,-129.77,Zaragoza,102.04
Alforque,387,65,83.20,Zaragoza,10.62
Alhama de Aragón,1616,1011,37.43,Zaragoza,31.14
Almochuel,99,24,75.75,Zaragoza,32
Almonacid de la Cuba,667,230,65.51,Zaragoza,131.33
Almonacid de la Sierra,2725,753,72.36,Zaragoza,55.21
Alpartir,1042,568,45.48,Zaragoza,55.21
Ambel,955,253,73.50,Zaragoza,56.65
Anento,387,95,75.45,Zaragoza,32.54
Aniñón,1870,684,63.42,Zaragoza,61
Aranda de Moncayo,1585,145,90.85,Zaragoza,21.52
Ardisa,484,74,84.71,Zaragoza,52.46
Ariza,1578,1100,30.29,Zaragoza,64.19
Artieda,269,80,70.26,Zaragoza,91
Arándiga,1121,278,75.20,Zaragoza,50.22
Asín,336,98,70.83,Zaragoza,27.28
Atea,1225,147,88.00,Zaragoza,103.08
Ateca,3126,1762,43.63,Zaragoza,13.57
Azuara,2388,529,77.84,Zaragoza,18.47
Añón de Moncayo,1106,222,79.92,Zaragoza,34.67
Badules,440,78,82.27,Zaragoza,84.71
Bagüés,243,16,93.41,Zaragoza,165.81
Balconchán,178,20,88.76,Zaragoza,20.09
Bardallur,834,254,69.54,Zaragoza,30.72
Belchite,3333,1526,54.21,Zaragoza,19
Belmonte de Gracián,997,194,80.54,Zaragoza,15.68
Berdejo,363,40,88.98,Zaragoza,27.34
Berrueco,232,32,86.20,Zaragoza,273.68
Biel,1659,155,90.65,Zaragoza,43.68
Bijuesca,833,94,88.71,Zaragoza,19.39
Biota,1383,930,32.75,Zaragoza,19
Bisimbre,291,81,72.16,Zaragoza,57.08
Boquiñeni,920,776,15.65,Zaragoza,128
Bordalba,520,52,90.00,Zaragoza,11.22
Borja,5667,4978,12.15,Zaragoza,18.87
Botorrita,351,490,-39.60,Zaragoza,41.58
Brea de Aragón,1467,1589,-8.31,Zaragoza,107.29
Bubierca,914,65,92.88,Zaragoza,19.81
Bujaraloz,1510,980,35.09,Zaragoza,13.38
Bulbuente,1052,220,79.08,Zaragoza,29.54
Bureta,685,206,69.92,Zaragoza,120.92
Bárboles,640,282,55.93,Zaragoza,25.44
Cabañas de Ebro,493,496,-.60,Zaragoza,11.91
Cabolafuente,474,53,88.81,Zaragoza,24.86
Cadrete,647,4235,-554.55,Zaragoza,7.61
Calatayud,11958,20092,-68.02,Zaragoza,8.53
Calatorao,2300,2860,-24.34,Zaragoza,39.24
Calcena,854,73,91.45,Zaragoza,11.86
Calmarza,343,61,82.21,Zaragoza,154.25
Campillo de Aragón,701,146,79.17,Zaragoza,48.15
Carenas,1181,189,83.99,Zaragoza,64.74
Cariñena,3313,3355,-1.26,Zaragoza,28.15
Caspe,7808,10026,-28.40,Zaragoza,36.86
Castejón de Alarba,294,88,70.06,Zaragoza,31.22
Castejón de Valdejasa,1095,209,80.91,Zaragoza,82.51
Castejón de las Armas,750,78,89.60,Zaragoza,503.15
Castiliscar,823,254,69.13,Zaragoza,17.56
Cervera de la Cañada,904,260,71.23,Zaragoza,17.56
Cerveruela,443,34,92.32,Zaragoza,17.56
Cetina,1312,583,55.56,Zaragoza,40.68
Chiprana,1425,497,65.12,Zaragoza,29.22
Chodes,483,104,78.46,Zaragoza,23.49
Cimballa,512,94,81.64,Zaragoza,78.76
Cinco Olivas,570,102,82.10,Zaragoza,31.95
Clarés de Ribota,444,67,84.90,Zaragoza,2.25
Codo,1026,199,80.60,Zaragoza,18
Codos,1122,248,77.89,Zaragoza,11.36
Contamina,169,32,81.06,Zaragoza,62.69
Cosuenda,1304,337,74.15,Zaragoza,14.02
Cuarte de Huerva,275,13450,-4790.90,Zaragoza,31.68
Cubel,505,155,69.30,Zaragoza,8.95
Daroca,3493,1965,43.74,Zaragoza,58.62
Ejea de los Caballeros,5271,16984,-222.21,Zaragoza,32.58
El Burgo de Ebro,903,2486,-175.30,Zaragoza,38.98
El Buste,428,71,83.41,Zaragoza,15.97
El Frago,561,97,82.70,Zaragoza,52.05
El Frasno,1551,379,75.56,Zaragoza,609.92
Embid de Ariza,498,35,92.97,Zaragoza,41.26
Encinacorba,1020,178,82.54,Zaragoza,36.74
Epila,3713,4372,-17.74,Zaragoza,194.32
Erla,911,341,62.56,Zaragoza,18.96
Escatrón,2374,1067,55.05,Zaragoza,94.64
Fabara,2089,1109,46.91,Zaragoza,101.63
Farlete,524,366,30.15,Zaragoza,104.12
Fayón,1306,380,70.90,Zaragoza,67.19
Figueruelas,367,1262,-243.86,Zaragoza,3.88
Fombuena,226,60,73.45,Zaragoza,16.99
Fréscano,505,199,60.59,Zaragoza,26.37
Fuendejalón,1354,784,42.09,Zaragoza,33.76
Fuendetodos,540,145,73.14,Zaragoza,48.64
Fuentes de Ebro,2498,4549,-82.10,Zaragoza,18.41
Fuentes de Jiloca,1099,229,79.16,Zaragoza,75.83
Gallocanta,363,136,62.53,Zaragoza,62
Gallur,2847,2566,9.87,Zaragoza,141.73
Gelsa,2096,996,52.48,Zaragoza,27.35
Godojos,432,53,87.73,Zaragoza,29.71
Gotor,874,302,65.44,Zaragoza,41.71
Grisel,497,74,85.11,Zaragoza,72.04
Grisén,360,590,-63.88,Zaragoza,16.77
Herrera de los Navarros,1873,489,73.89,Zaragoza,15.52
Ibdes,1251,395,68.42,Zaragoza,14.51
Illueca,1823,2809,-54.08,Zaragoza,4.75
Isuerre,347,31,91.06,Zaragoza,105.01
Jaraba,491,282,42.56,Zaragoza,56.31
Jarque de Moncayo,1472,417,71.67,Zaragoza,24.86
Jaulín,361,251,30.47,Zaragoza,20.05
La Almolda,1246,554,55.53,Zaragoza,42.81
La Almunia de Doña Godina,3922,8091,-106.29,Zaragoza,43
La Joyosa,264,1101,-317.04,Zaragoza,46.05
La Muela,729,5894,-708.50,Zaragoza,6.52
La Puebla de Alfindén,985,6358,-545.48,Zaragoza,23.65
La Vilueña,401,62,84.53,Zaragoza,50.13
La Zaida,446,447,-.22,Zaragoza,3.69
Lagata,503,109,78.33,Zaragoza,109
Langa del Castillo,599,122,79.63,Zaragoza,178.59
Las Cuerlas,316,41,87.02,Zaragoza,17.46
Las Pedrosas,390,86,77.94,Zaragoza,30.15
Layana,343,94,72.59,Zaragoza,15
Lechón,157,46,70.70,Zaragoza,11.38
Leciñena,1576,1146,27.28,Zaragoza,32.18
Letux,1074,342,68.15,Zaragoza,45.96
Litago,634,164,74.13,Zaragoza,49.23
Lituénigo,363,123,66.11,Zaragoza,10.31
Lobera de Onsella,496,26,94.75,Zaragoza,27.08
Longares,1306,883,32.38,Zaragoza,126.83
Longás,469,32,93.17,Zaragoza,29
Los Fayos,521,131,74.85,Zaragoza,29.55
Los Pintanos,773,39,94.95,Zaragoza,308.92
Lucena de Jalón,469,232,50.53,Zaragoza,174.88
Luceni,796,955,-19.97,Zaragoza,78.61
Luesia,1573,297,81.11,Zaragoza,34.02
Luesma,331,37,88.82,Zaragoza,36.63
Lumpiaque,1431,806,43.67,Zaragoza,0.08
Luna,1761,684,61.15,Zaragoza,5.66
Lécera,1997,631,68.40,Zaragoza,40.09
Maella,3325,2008,39.60,Zaragoza,37.42
Magallón,2822,1112,60.59,Zaragoza,26.83
Mainar,471,160,66.02,Zaragoza,21.09
Malanquilla,427,89,79.15,Zaragoza,108.09
Maleján,535,276,48.41,Zaragoza,90.57
Mallén,2401,3004,-25.11,Zaragoza,307.45
Maluenda,1400,937,33.07,Zaragoza,48.55
Malón,1230,369,70.00,Zaragoza,60.64
Manchones,672,106,84.22,Zaragoza,14.82
Mara,706,168,76.20,Zaragoza,55.38
Marracos,154,84,45.45,Zaragoza,183.16
María de Huerva,581,5970,-927.53,Zaragoza,61
Mediana de Aragón,1416,447,68.43,Zaragoza,62.06
Mequinenza,2842,2279,19.80,Zaragoza,55.94
Mesones de Isuela,613,257,58.07,Zaragoza,17.59
Mezalocha,510,233,54.31,Zaragoza,45.87
Mianos,221,27,87.78,Zaragoza,23.09
Miedes de Aragón,916,415,54.69,Zaragoza,21.46
Monegrillo,824,394,52.18,Zaragoza,53
Moneva,636,114,82.07,Zaragoza,42.76
Monreal de Ariza,680,189,72.20,Zaragoza,8.68
Monterde,932,143,84.65,Zaragoza,79.17
Montón,499,90,81.96,Zaragoza,143.49
Morata de Jalón,2161,1066,50.67,Zaragoza,40.99
Morata de Jiloca,897,276,69.23,Zaragoza,18.25
Moros,1209,319,73.61,Zaragoza,54.71
Morés,1168,321,72.51,Zaragoza,24
Moyuela,952,265,72.16,Zaragoza,30.42
Mozota,378,120,68.25,Zaragoza,17.56
Muel,1228,1401,-14.08,Zaragoza,111.45
Munébrega,1300,363,72.07,Zaragoza,11
Murero,519,96,81.50,Zaragoza,25.28
Murillo de Gállego,1159,191,83.52,Zaragoza,41.84
Navardún,413,36,91.28,Zaragoza,8.21
Nigüella,270,61,77.40,Zaragoza,20.18
Nombrevilla,262,31,88.16,Zaragoza,28.45
Nonaspe,1681,978,41.82,Zaragoza,19.82
Novallas,1527,825,45.97,Zaragoza,54.52
Novillas,908,517,43.06,Zaragoza,12
Nuez de Ebro,455,838,-84.17,Zaragoza,24.56
Nuévalos,902,285,68.40,Zaragoza,47.31
Olvés,674,110,83.67,Zaragoza,32
Orcajo,495,55,88.88,Zaragoza,32
Orera,411,111,72.99,Zaragoza,16.52
Orés,734,109,85.14,Zaragoza,113.74
Oseja,346,47,86.41,Zaragoza,18.26
Osera de Ebro,497,383,22.93,Zaragoza,109.77
Paniza,1820,619,65.98,Zaragoza,22.66
Paracuellos de Jiloca,712,573,19.52,Zaragoza,309.17
Paracuellos de la Ribera,908,136,85.02,Zaragoza,16.09
Pastriz,707,1300,-83.87,Zaragoza,79.64
Pedrola,2269,3587,-58.08,Zaragoza,34.77
Perdiguera,725,572,21.10,Zaragoza,2.14
Piedratajada,300,87,71.00,Zaragoza,37.95
Pina de Ebro,2409,2391,.74,Zaragoza,33.11
Pinseque,750,4070,-442.66,Zaragoza,22.63
Plasencia de Jalón,875,308,64.80,Zaragoza,32.11
Pleitas,154,33,78.57,Zaragoza,25.45
Plenas,681,98,85.60,Zaragoza,76.31
Pomer,474,21,95.56,Zaragoza,17.03
Pozuel de Ariza,287,21,92.68,Zaragoza,9.88
Pozuelo de Aragón,710,282,60.28,Zaragoza,35.43
Pradilla de Ebro,688,540,21.51,Zaragoza,118.26
Puebla de Albortón,631,120,80.98,Zaragoza,18.51
Puendeluna,228,48,78.94,Zaragoza,25.16
Purujosa,463,32,93.08,Zaragoza,90.67
Quinto,2521,1949,22.68,Zaragoza,19.53
Remolinos,1019,1074,-5.39,Zaragoza,107.37
Retascón,180,62,65.55,Zaragoza,11.63
Ricla,2503,2869,-14.62,Zaragoza,129.55
Romanos,321,125,61.05,Zaragoza,2.51
Rueda de Jalón,896,312,65.17,Zaragoza,81.24
Ruesca,163,76,53.37,Zaragoza,11.49
Sabiñán,1759,722,58.95,Zaragoza,5.42
Salillas de Jalón,583,321,44.93,Zaragoza,71.62
Salvatierra de Esca,1196,207,82.69,Zaragoza,19.51
Samper del Salz,404,100,75.24,Zaragoza,19.51
San Martín de la Virgen de Moncayo,385,270,29.87,Zaragoza,80.97
San Mateo de Gállego,960,3269,-240.52,Zaragoza,17.81
Santa Cruz de Grío,929,105,88.69,Zaragoza,300.98
Santa Cruz de Moncayo,318,123,61.32,Zaragoza,15.52
Santa Eulalia de Gállego,924,97,89.50,Zaragoza,11.71
Santed,290,64,77.93,Zaragoza,40.88
Sediles,311,108,65.27,Zaragoza,43.39
Sestrica,1298,344,73.49,Zaragoza,101.77
Sierra de Luna,651,270,58.52,Zaragoza,41.55
Sigüés,1638,79,95.17,Zaragoza,12.06
Sisamón,457,35,92.34,Zaragoza,216.62
Sobradiel,421,1136,-169.83,Zaragoza,85.72
Sos del Rey Católico,3596,567,84.23,Zaragoza,46.94
Sádaba,1812,1311,27.64,Zaragoza,244.01
Sástago,2987,1119,62.53,Zaragoza,405.23
Tabuenca,1379,321,76.72,Zaragoza,33.75
Talamantes,471,61,87.04,Zaragoza,66.13
Tarazona,8939,10558,-18.11,Zaragoza,32.39
Tauste,4530,6847,-51.14,Zaragoza,40.39
Terrer,975,464,52.41,Zaragoza,40.39
Tierga,682,190,72.14,Zaragoza,25.86
Tobed,1002,230,77.04,Zaragoza,21.13
Torralba de Ribota,654,169,74.15,Zaragoza,15.68
Torralba de los Frailes,530,76,85.66,Zaragoza,2.53
Torralbilla,393,59,84.98,Zaragoza,53.81
Torrehermosa,258,69,73.25,Zaragoza,74.57
Torrelapaja,310,35,88.70,Zaragoza,68.65
Torrellas,860,246,71.39,Zaragoza,18.26
Torres de Berrellén,1136,1443,-27.02,Zaragoza,71.76
Torrijo de la Cañada,2007,197,90.18,Zaragoza,230.87
Tosos,841,183,78.24,Zaragoza,42.99
Trasmoz,341,88,74.19,Zaragoza,25.64
Trasobares,531,115,78.34,Zaragoza,37.27
Uncastillo,2758,621,77.48,Zaragoza,85.29
Undués de Lerda,485,57,88.24,Zaragoza,17.72
Urrea de Jalón,801,435,45.69,Zaragoza,7.95
Urriés,1111,43,96.12,Zaragoza,25.66
Used,1432,256,82.12,Zaragoza,50.57
Utebo,1382,18822,-1261.93,Zaragoza,39.79
Val de San Martín,345,61,82.31,Zaragoza,3.29
Valdehorna,236,33,86.01,Zaragoza,59.79
Valmadrid,202,112,44.55,Zaragoza,10
Valpalmas,415,137,66.98,Zaragoza,27.66
Valtorres,293,61,79.18,Zaragoza,2.67
Velilla de Ebro,1027,203,80.23,Zaragoza,8.61
Velilla de Jiloca,486,81,83.33,Zaragoza,17.18
Vera de Moncayo,1329,322,75.77,Zaragoza,22
Vierlas,230,82,64.34,Zaragoza,63.64
Villadoz,266,95,64.28,Zaragoza,13.33
Villafeliche,1374,154,88.79,Zaragoza,40.16
Villafranca de Ebro,663,838,-26.39,Zaragoza,75.99
Villalba de Perejil,266,96,63.90,Zaragoza,75.99
Villalengua,1384,293,78.82,Zaragoza,75.99
Villanueva de Gállego,1281,4728,-269.08,Zaragoza,49
Villanueva de Huerva,922,434,52.92,Zaragoza,27.13
Villanueva de Jiloca,545,52,90.45,Zaragoza,91
Villar de los Navarros,984,113,88.51,Zaragoza,91
Villarreal de Huerva,469,273,41.79,Zaragoza,21.82
Villarroya de la Sierra,2405,435,81.91,Zaragoza,17.27
Villarroya del Campo,229,89,61.13,Zaragoza,973.78
Vistabella,495,48,90.30,Zaragoza,332.25
Zaragoza,98397,681877,-592.98,Zaragoza,130.73
Zuera,2471,8576,-247.06,Zaragoza,16.92
